ACEGUA;0;0;0;4;2;0;0;0;1;0;0;0;0;0;0;;
AGUA SANTA;0;0;0;0;0;0;0;0;0;0;0;0;0;0;0;;
AGUDO;0;0;0;2;0;0;0;0;5;0;1;2;0;0;0;;
AJURICABA;0;0;0;3;0;0;0;0;4;0;0;0;0;0;0;;
ALECRIM;0;0;0;3;1;0;0;0;0;1;0;0;0;0;0;;
ALEGRETE;1;1;0;49;4;2;3;0;58;2;3;1;0;0;1;;
ALEGRIA;0;0;0;2;0;0;0;0;0;1;0;0;0;0;0;;
ALMIRANTE TAMANDARE DO SUL;0;0;0;2;0;0;0;0;1;1;0;0;0;0;0;;
ALPESTRE;1;1;0;9;0;1;0;0;0;0;1;0;0;0;1;;
ALTO ALEGRE;0;0;0;1;0;0;0;0;0;0;0;0;0;0;0;;
ALTO FELIZ;0;0;0;2;0;0;0;0;2;0;0;0;0;0;0;;
ALVORADA;2;2;0;113;1;9;115;14;131;7;34;34;0;0;2;;
AMARAL FERRADOR;0;0;0;2;2;0;0;0;0;0;0;0;0;0;0;;
AMETISTA DO SUL;0;0;0;1;0;2;0;0;4;1;0;0;0;0;0;;
ANDRE DA ROCHA;0;0;0;0;0;0;0;0;0;0;0;0;0;0;0;;
ANTA GORDA;0;0;0;1;0;0;0;0;0;0;2;0;0;0;0;;
ANTONIO PRADO;0;0;0;3;1;2;0;0;9;2;3;2;0;0;0;;
ARAMBARE;0;0;0;3;2;0;0;0;2;1;1;0;0;0;0;;
ARARICA;0;0;0;9;1;0;1;0;1;0;3;0;0;0;0;;
ARATIBA;0;0;0;3;0;1;0;0;6;2;0;0;0;0;0;;
ARROIO DO MEIO;1;1;0;15;0;0;1;0;14;0;6;2;0;0;1;;
ARROIO DO PADRE;0;0;0;1;1;0;0;0;1;0;0;0;0;0;0;;
ARROIO DO SAL;1;1;0;21;1;0;0;0;3;0;8;2;0;0;1;;
ARROIO DO TIGRE;0;0;0;5;1;0;0;0;7;0;0;1;0;0;0;;
ARROIO DOS RATOS;0;0;0;4;0;2;1;0;7;2;1;3;0;0;0;;
ARROIO GRANDE;0;0;0;10;1;1;0;0;1;0;2;1;0;0;0;;
ARVOREZINHA;1;1;0;0;0;1;1;0;0;1;0;2;0;0;1;;
AUGUSTO PESTANA;0;0;0;1;0;0;0;0;3;0;0;0;0;0;0;;
AUREA;0;0;0;1;0;0;0;0;1;0;0;0;0;0;0;;
BAGE;0;0;0;86;4;4;15;1;74;5;19;11;0;0;1;;
BALNEARIO PINHAL;2;3;0;16;0;0;1;0;8;1;0;1;0;0;4;;
BARAO;0;0;0;4;0;1;1;0;6;0;1;0;0;0;0;;
BARAO DE COTEGIPE;0;0;0;4;1;0;0;0;7;0;0;0;0;0;0;;
BARAO DO TRIUNFO;0;0;0;7;1;1;0;0;2;2;0;0;0;0;0;;
BARRA DO GUARITA;0;0;0;1;1;0;0;0;3;0;0;0;0;0;0;;
BARRA DO QUARAI;0;0;0;2;1;0;0;0;2;0;0;0;0;0;0;;
BARRA DO RIBEIRO;0;0;0;10;3;0;0;0;10;2;9;1;0;0;0;;
BARRA DO RIO AZUL;0;0;0;0;0;0;0;0;1;0;0;0;0;0;0;;
BARRA FUNDA;0;0;0;0;0;0;0;0;0;0;0;0;0;0;0;;
BARRACAO;0;0;0;3;1;0;0;0;1;2;0;1;0;0;0;;
BARROS CASSAL;0;0;0;3;0;0;0;0;1;2;1;0;0;0;0;;
BENJAMIN CONSTANT DO SUL;0;0;0;0;0;0;0;0;0;0;0;0;0;0;0;;
BENTO GONCALVES;2;2;0;118;0;8;9;3;98;3;36;15;0;0;2;;
BOA VISTA DAS MISSOES;0;0;0;1;0;0;0;0;0;0;0;0;0;0;0;;
BOA VISTA DO BURICA;0;0;0;1;0;0;0;0;5;0;0;1;0;0;0;;
BOA VISTA DO CADEADO;0;0;0;1;0;0;0;0;1;1;0;0;0;0;0;;
BOA VISTA DO INCRA;0;0;0;1;0;0;0;0;3;0;0;0;0;0;0;;
BOA VISTA DO SUL;0;0;0;0;0;0;0;0;2;0;0;0;0;0;0;;
BOM JESUS;0;0;0;15;0;1;2;0;7;1;3;6;0;0;0;;
BOM PRINCIPIO;0;0;0;4;0;0;0;0;11;1;6;0;0;0;0;;
BOM PROGRESSO;0;0;0;0;0;0;0;0;0;1;0;0;0;0;0;;
BOM RETIRO DO SUL;1;1;0;6;0;0;0;0;8;0;2;4;0;0;1;;
BOQUEIRAO DO LEAO;0;0;0;5;0;0;0;0;1;0;0;0;0;0;0;;
BOSSOROCA;0;0;0;6;0;0;0;0;2;1;1;0;0;0;0;;
BOZANO;0;0;0;1;0;0;0;0;1;0;0;0;0;0;0;;
BRAGA;0;0;0;0;0;0;0;0;0;1;0;0;0;0;0;;
BROCHIER;0;0;0;0;0;0;0;0;1;0;0;0;0;0;0;;
BUTIA;1;1;0;12;3;0;4;0;5;2;4;5;0;0;1;;
CACAPAVA DO SUL;0;0;0;24;0;2;2;0;17;1;9;0;0;0;1;;
CACEQUI;0;0;0;7;5;1;1;0;8;0;0;0;0;0;0;;
CACHOEIRA DO SUL;0;0;0;52;2;3;7;0;32;3;14;15;0;0;0;;
CACHOEIRINHA;2;2;0;133;0;18;47;6;112;4;6;10;0;0;3;;
CACIQUE DOBLE;0;0;0;2;0;1;0;0;1;3;0;0;0;0;0;;
CAIBATE;0;0;0;1;0;0;0;0;0;0;0;0;0;0;0;;
CAICARA;0;0;0;2;0;0;0;0;2;0;0;0;0;0;0;;
CAMAQUA;0;0;0;58;4;4;5;0;35;3;11;17;0;0;0;;
CAMARGO;0;0;0;1;0;0;0;0;1;0;1;0;0;0;0;;
CAMBARA DO SUL;0;0;0;4;2;0;0;0;4;0;0;0;0;0;0;;
CAMPESTRE DA SERRA;0;0;0;3;0;0;0;0;1;0;1;0;0;0;0;;
CAMPINA DAS MISSOES;0;0;0;4;0;0;0;0;1;0;0;0;0;0;0;;
CAMPINAS DO SUL;0;0;0;3;0;0;0;0;2;0;1;0;0;0;0;;
CAMPO BOM;0;0;0;50;1;5;9;1;42;3;5;1;0;0;0;;
CAMPO NOVO;0;0;0;9;0;0;0;0;0;0;0;0;0;0;0;;
CAMPOS BORGES;0;0;0;3;0;0;0;0;1;0;1;0;0;0;0;;
CANDELARIA;1;1;0;18;1;0;1;0;10;3;1;2;0;0;1;;
CANDIDO GODOI;0;0;0;0;0;0;0;0;1;1;0;0;0;0;0;;
CANDIOTA;1;1;0;8;2;1;0;0;3;1;6;1;0;0;1;;
CANELA;0;0;0;59;0;2;1;1;58;2;21;12;0;0;0;;
CANGUCU;0;0;0;49;12;0;4;0;7;1;1;0;0;0;0;;
CANOAS;2;3;0;450;0;54;156;22;350;8;105;69;0;0;3;;
CANUDOS DO VALE;0;0;0;0;0;0;0;0;1;0;0;0;0;0;0;;
CAPAO BONITO DO SUL;0;0;0;1;0;0;0;0;0;1;0;0;0;0;0;;
CAPAO DA CANOA;0;0;0;68;1;4;13;3;56;3;5;11;0;0;0;;
CAPAO DO CIPO;0;0;0;1;0;0;0;0;1;0;0;0;0;0;0;;
CAPAO DO LEAO;0;0;0;13;3;3;1;0;11;1;1;1;0;0;0;;
CAPELA DE SANTANA;0;0;0;2;0;0;0;0;4;0;2;4;0;0;0;;
CAPITAO;0;0;0;0;0;0;0;0;1;0;0;0;0;0;0;;
CAPIVARI DO SUL;0;0;0;1;0;0;1;0;2;0;0;0;0;0;0;;
CARAA;0;0;0;4;1;0;0;0;0;0;0;0;0;0;0;;
CARAZINHO;1;1;0;52;2;5;3;0;49;7;10;20;0;0;2;;
CARLOS BARBOSA;0;0;0;11;1;1;0;0;27;0;4;0;0;0;0;;
CARLOS GOMES;0;0;0;0;0;0;0;0;0;0;0;0;0;0;0;;
CASCA;0;0;0;6;2;0;0;0;6;0;3;1;0;0;0;;
CASEIROS;0;0;0;2;2;0;1;0;0;1;0;2;0;0;0;;
CATUIPE;0;0;0;2;1;0;0;0;5;1;0;0;0;0;0;;
CAXIAS DO SUL;5;5;0;390;2;67;98;12;341;22;10;28;0;0;6;;
CENTENARIO;0;0;0;0;0;0;0;0;1;0;0;0;0;0;0;;
CERRITO;0;0;1;2;0;0;0;0;3;0;0;0;1;0;1;;
CERRO BRANCO;0;0;0;0;0;0;0;0;0;0;0;0;0;0;0;;
CERRO GRANDE;0;0;0;3;1;0;0;0;0;0;0;0;0;0;0;;
CERRO GRANDE DO SUL;0;0;0;3;1;0;0;0;2;1;0;0;0;0;0;;
CERRO LARGO;1;1;0;4;1;0;0;0;5;1;3;1;0;0;1;;
CHAPADA;0;0;0;2;0;0;0;0;10;0;0;0;0;0;0;;
CHARQUEADAS;0;0;0;19;1;1;2;0;16;1;13;17;0;0;0;;
CHARRUA;0;0;0;0;0;0;0;0;0;0;0;0;0;0;0;;
CHIAPETTA;0;0;0;1;0;1;1;0;3;0;0;0;0;0;0;;
CHUI;0;0;0;9;2;0;1;0;2;1;0;0;0;0;0;;
CHUVISCA;0;0;0;1;0;0;0;0;2;1;0;0;0;0;0;;
CIDREIRA;1;1;0;29;0;1;5;1;10;0;7;3;0;0;1;;
CIRIACO;0;0;0;1;1;0;0;0;4;0;0;0;0;0;0;;
COLINAS;0;0;0;1;0;0;0;0;1;0;0;0;0;0;1;;
COLORADO;0;0;0;3;1;0;0;0;1;1;0;0;0;0;0;;
CONDOR;0;0;0;5;1;0;1;0;4;0;0;0;0;0;0;;
CONSTANTINA;0;0;0;3;1;0;0;0;1;0;0;0;0;0;0;;
COQUEIRO BAIXO;0;0;0;1;0;0;0;0;0;0;0;0;0;0;0;;
COQUEIROS DO SUL;0;0;0;3;0;0;0;0;1;0;0;0;0;0;0;;
CORONEL BARROS;0;0;0;2;0;1;0;0;1;2;0;1;0;0;0;;
CORONEL BICACO;0;0;0;4;0;0;0;0;2;0;1;0;0;0;0;;
CORONEL PILAR;0;0;0;1;0;0;0;0;0;0;0;0;0;0;0;;
COTIPORA;0;0;0;0;0;0;0;0;1;0;0;0;0;0;0;;
COXILHA;0;0;0;1;0;0;0;0;0;1;1;0;0;0;0;;
CRISSIUMAL;0;0;0;8;1;0;0;0;4;2;0;0;0;0;0;;
CRISTAL;0;0;0;6;0;0;0;0;1;1;1;0;0;0;0;;
CRISTAL DO SUL;0;0;0;3;1;0;0;0;0;0;0;0;0;0;0;;
CRUZ ALTA;4;4;0;51;2;0;8;0;48;8;6;9;0;0;4;;
CRUZALTENSE;0;0;0;2;0;0;0;0;0;0;0;0;0;0;0;;
CRUZEIRO DO SUL;0;0;0;13;2;1;0;0;3;0;0;0;0;0;0;;
DAVID CANABARRO;0;0;0;2;1;0;0;0;1;0;0;0;0;0;0;;
DERRUBADAS;0;0;0;1;1;0;0;0;1;0;0;0;0;0;0;;
DEZESSEIS DE NOVEMBRO;0;0;0;0;0;0;0;0;1;0;0;0;0;0;0;;
DILERMANDO DE AGUIAR;0;0;0;1;0;0;0;0;0;1;0;0;0;0;0;;
DOIS IRMAOS;0;0;0;6;0;0;5;0;24;0;5;2;0;0;0;;
DOIS IRMAOS DAS MISSOES;0;0;0;0;0;0;0;0;0;0;0;0;0;0;0;;
DOIS LAJEADOS;0;0;0;1;0;0;0;0;0;0;0;0;0;0;0;;
DOM FELICIANO;0;0;1;7;0;0;0;0;5;1;0;0;1;0;1;;
DOM PEDRITO;2;2;0;46;9;1;6;0;15;3;10;1;0;0;2;;
DOM PEDRO DE ALCANTARA;0;0;0;1;1;0;0;0;1;0;0;0;0;0;0;;
DONA FRANCISCA;0;0;0;2;0;0;0;0;2;0;0;0;0;0;0;;
DOUTOR RICARDO;0;0;0;0;0;0;0;0;0;0;0;0;0;0;0;;
DR MAURICIO CARDOSO;0;0;0;0;0;0;0;0;1;0;0;0;0;0;0;;
ELDORADO DO SUL;0;0;0;29;0;4;13;1;37;1;21;13;0;0;0;;
ENCANTADO;1;1;0;27;1;1;1;1;11;0;9;0;0;0;1;;
ENCRUZILHADA DO SUL;0;0;0;9;3;1;2;0;5;1;1;1;0;0;0;;
ENGENHO VELHO;0;0;0;1;1;0;0;0;0;0;0;0;0;0;0;;
ENTRE IJUIS;0;0;0;5;1;0;1;0;5;2;0;0;0;0;0;;
ENTRE RIOS DO SUL;0;0;0;1;0;0;1;0;0;0;0;0;0;0;0;;
EREBANGO;0;0;0;2;0;0;0;0;0;1;1;0;0;0;0;;
ERECHIM;2;2;0;78;1;6;12;0;70;12;23;8;0;0;2;;
ERNESTINA;0;0;0;1;0;0;0;0;1;0;0;0;0;0;0;;
ERVAL GRANDE;0;0;0;2;0;0;0;0;4;0;0;0;0;0;0;;
ERVAL SECO;0;0;0;5;0;0;0;0;1;2;1;0;0;0;0;;
ESMERALDA;0;0;0;3;0;0;0;1;1;1;0;1;0;0;0;;
ESPERANCA DO SUL;0;0;0;0;0;0;0;0;0;0;0;0;0;0;0;;
ESPUMOSO;0;0;0;6;0;0;0;0;3;1;0;0;0;0;0;;
ESTACAO;0;0;0;8;1;0;1;0;1;0;0;0;0;0;0;;
ESTANCIA VELHA;0;0;0;21;0;2;3;5;22;1;2;3;0;0;1;;
ESTEIO;0;0;0;60;0;7;15;3;78;2;6;16;0;0;0;;
ESTRELA;0;0;0;12;0;1;1;0;19;0;4;1;0;1;1;;
ESTRELA VELHA;0;0;0;1;0;0;0;0;2;0;0;0;0;0;0;;
EUGENIO DE CASTRO;0;0;0;1;0;0;0;0;0;0;0;1;0;0;0;;
FAGUNDES VARELA;0;0;0;1;0;0;0;0;0;0;0;0;0;0;0;;
FARROUPILHA;2;2;0;36;0;2;3;2;75;0;4;5;0;0;2;;
FAXINAL DO SOTURNO;0;0;0;5;0;0;0;0;3;1;0;0;0;0;0;;
FAXINALZINHO;0;0;0;0;0;0;0;0;1;0;0;0;0;0;0;;
FAZENDA VILA NOVA;0;0;0;1;0;0;0;0;2;0;1;0;0;0;0;;
FELIZ;0;0;0;5;0;0;0;0;11;0;1;2;0;0;0;;
FLORES DA CUNHA;0;0;0;10;0;3;2;0;18;4;3;1;0;0;0;;
FLORIANO PEIXOTO;0;0;0;0;0;0;0;0;2;0;0;0;0;0;0;;
FONTOURA XAVIER;0;0;0;5;1;1;0;0;0;0;1;0;0;0;0;;
FORMIGUEIRO;0;0;0;4;1;0;0;0;1;0;0;1;0;0;0;;
FORQUETINHA;0;0;0;3;0;0;0;0;1;0;0;0;0;0;0;;
FORTALEZA DOS VALOS;0;0;0;2;1;0;0;0;2;0;0;0;0;0;0;;
FREDERICO WESTPHALEN;0;0;0;23;3;1;1;0;22;4;12;5;0;0;0;;
GARIBALDI;0;0;0;20;0;1;3;0;12;0;8;3;0;0;0;;
GARRUCHOS;0;0;0;4;3;0;0;0;0;0;0;0;0;0;0;;
GAURAMA;0;0;0;2;0;0;0;0;4;0;0;0;0;0;0;;
GENERAL CAMARA;0;0;0;7;0;1;0;0;2;1;0;1;0;0;0;;
GENTIL;0;0;0;0;0;0;0;0;1;0;0;0;0;0;0;;
GETULIO VARGAS;0;0;0;10;0;0;0;0;6;0;5;4;0;0;0;;
GIRUA;0;0;0;14;0;0;1;0;2;1;1;0;0;0;0;;
GLORINHA;0;0;0;7;2;0;0;0;11;1;0;1;0;0;0;;
GRAMADO;0;0;0;55;0;0;1;0;55;1;18;4;0;0;0;;
GRAMADO DOS LOUREIROS;0;0;0;0;0;0;0;0;0;1;0;0;0;0;0;;
GRAMADO XAVIER;0;0;0;0;0;0;0;0;0;0;0;0;0;0;0;;
GRAVATAI;1;1;0;197;3;35;54;9;202;16;30;34;0;0;1;;
GUABIJU;0;0;0;0;0;0;0;0;0;0;0;0;0;0;0;;
GUAIBA;0;0;0;55;0;1;18;4;37;1;21;10;0;0;0;;
GUAPORE;1;1;0;7;1;1;2;0;22;3;5;5;0;0;3;;
GUARANI DAS MISSOES;0;0;0;10;0;1;0;0;4;0;0;0;0;0;0;;
HARMONIA;0;0;0;2;0;0;0;0;2;0;0;0;0;0;0;;
HERVAL;1;2;0;4;0;0;0;0;2;0;1;0;0;0;2;;
HERVEIRAS;0;0;0;1;0;0;0;0;0;0;0;0;0;0;0;;
HORIZONTINA;0;0;0;23;0;0;0;0;10;1;1;1;0;0;0;;
HULHA NEGRA;0;0;0;1;0;0;0;0;0;1;0;0;0;0;0;;
HUMAITA;0;0;0;0;0;0;0;0;1;0;0;0;0;0;0;;
IBARAMA;0;0;0;2;0;1;0;0;0;0;0;0;0;0;0;;
IBIACA;0;0;0;1;0;1;0;0;0;1;0;0;0;0;0;;
IBIRAIARAS;0;0;0;6;0;1;1;0;1;0;0;0;0;0;0;;
IBIRAPUITA;0;0;0;1;1;0;0;0;2;0;0;0;0;0;0;;
IBIRUBA;0;0;0;12;1;0;1;0;11;2;6;2;0;0;0;;
IGREJINHA;0;0;0;18;0;2;1;0;10;1;7;8;0;0;0;;
IJUI;1;1;0;59;1;4;6;0;52;5;8;16;0;0;1;;
ILOPOLIS;0;0;0;1;0;0;0;0;0;0;1;0;0;0;0;;
IMBE;0;0;0;44;0;0;7;0;35;0;14;9;0;0;0;;
IMIGRANTE;0;0;0;0;0;0;0;0;3;1;0;0;0;0;0;;
INDEPENDENCIA;0;0;0;3;0;0;0;0;3;0;1;0;0;0;0;;
INHACORA;0;0;0;0;0;0;0;0;1;2;1;0;0;0;0;;
IPE;0;0;0;3;1;0;0;0;5;0;0;1;0;0;0;;
IPIRANGA DO SUL;0;0;0;0;0;0;0;0;1;0;0;0;0;0;0;;
IRAI;1;1;0;7;0;0;0;0;5;1;0;1;0;0;1;;
ITAARA;0;0;0;5;3;0;0;0;6;0;0;0;0;0;0;;
ITACURUBI;0;0;0;3;3;0;0;0;2;0;0;0;0;0;0;;
ITAPUCA;0;0;0;1;0;0;0;0;0;0;0;0;0;0;0;;
ITAQUI;0;0;0;28;2;0;10;0;5;3;4;4;0;0;0;;
ITATI;0;0;0;1;0;0;0;0;1;0;0;0;0;0;0;;
ITATIBA DO SUL;0;0;0;0;0;0;0;0;1;0;0;0;0;0;0;;
IVORA;0;0;0;4;0;0;0;0;0;0;0;0;0;0;0;;
IVOTI;0;0;0;9;0;1;0;0;15;1;7;1;0;0;1;;
JABOTICABA;0;0;0;0;0;0;0;0;1;1;0;0;0;0;0;;
JACUIZINHO;0;0;0;0;0;0;0;0;0;0;0;0;0;0;0;;
JACUTINGA;0;0;0;0;0;0;0;0;2;1;1;0;0;0;0;;
JAGUARAO;0;0;0;28;5;1;2;0;4;1;1;3;0;0;0;;
JAGUARI;0;0;0;3;2;1;0;0;2;1;1;1;0;0;0;;
JAQUIRANA;0;0;0;5;1;0;0;0;2;0;0;0;0;0;0;;
JARI;0;0;0;2;0;0;0;0;0;0;0;0;0;0;0;;
JOIA;0;0;0;5;2;0;0;0;1;0;0;0;0;0;0;;
JULIO DE CASTILHOS;0;0;0;15;3;0;1;0;11;2;2;2;0;0;0;;
LAGOA BONITA DO SUL;0;0;0;0;0;0;0;0;0;0;0;0;0;0;0;;
LAGOA DOS TRES CANTOS;0;0;0;1;1;0;0;0;0;0;0;0;0;0;0;;
LAGOA VERMELHA;2;3;0;32;2;4;1;0;22;4;16;7;0;0;3;;
LAGOAO;0;0;0;5;3;0;0;0;1;0;0;0;0;0;0;;
LAJEADO;1;1;0;85;0;6;2;1;83;5;8;10;0;0;2;;
LAJEADO DO BUGRE;0;0;0;0;0;0;0;0;2;0;0;0;0;0;0;;
LAVRAS DO SUL;0;0;0;2;1;0;0;0;3;0;0;0;0;0;0;;
LIBERATO SALZANO;0;0;0;1;1;0;0;0;1;0;0;0;0;0;0;;
LINDOLFO COLLOR;0;0;0;2;0;0;0;0;4;0;0;0;0;0;0;;
LINHA NOVA;0;0;0;0;0;0;0;0;1;0;0;0;0;0;0;;
MACAMBARA;0;0;0;5;0;0;0;0;2;0;0;0;0;0;0;;
MACHADINHO;0;0;0;4;0;0;0;0;0;0;0;0;0;0;0;;
MAMPITUBA;0;0;0;1;0;0;0;0;1;0;0;0;0;0;0;;
MANOEL VIANA;0;0;0;5;1;0;0;0;2;0;0;0;0;0;0;;
MAQUINE;0;0;0;6;0;0;0;0;2;0;1;0;0;0;0;;
MARATA;0;0;0;0;0;0;0;0;3;0;0;0;0;0;0;;
MARAU;0;0;0;29;2;4;1;1;36;3;3;2;0;0;1;;
MARCELINO RAMOS;0;0;0;8;0;0;0;0;2;0;0;0;0;0;0;;
MARIANA PIMENTEL;0;0;0;4;0;0;0;0;2;0;2;3;0;0;0;;
MARIANO MORO;0;0;0;0;0;0;0;0;0;0;1;0;0;0;0;;
MARQUES DE SOUZA;0;0;0;2;0;0;0;0;1;0;1;1;0;0;0;;
MATA;0;0;0;1;0;0;0;0;2;0;0;0;0;0;0;;
MATO CASTELHANO;0;0;0;5;0;0;0;0;0;0;0;0;0;0;0;;
MATO LEITAO;0;0;0;1;0;0;0;0;3;1;0;0;0;0;0;;
MATO QUEIMADO;0;0;0;0;0;0;0;0;1;0;0;0;0;0;0;;
MAXIMILIANO DE ALMEIDA;0;0;0;1;0;0;0;0;4;0;0;1;0;0;0;;
MINAS DO LEAO;0;0;0;4;1;0;0;0;3;0;0;0;0;0;0;;
MIRAGUAI;0;0;0;6;0;1;2;0;2;0;0;0;0;0;0;;
MONTAURI;0;0;0;0;0;0;0;0;1;0;0;0;0;0;0;;
MONTE ALEGRE DOS CAMPOS;0;0;0;4;0;0;0;0;2;0;0;0;0;0;0;;
MONTE BELO DO SUL;0;0;0;1;0;0;0;0;2;0;0;0;0;0;0;;
MONTENEGRO;0;0;0;48;0;5;4;0;37;4;17;12;0;0;0;;
MORMACO;0;0;0;1;0;0;0;0;0;0;0;0;0;0;0;;
MORRINHOS DO SUL;0;0;0;1;0;0;0;0;1;0;0;0;0;0;0;;
MORRO REDONDO;0;0;0;6;4;0;0;0;2;1;0;0;0;0;0;;
MORRO REUTER;0;0;0;4;0;0;1;0;5;0;0;0;0;0;0;;
MOSTARDAS;0;0;0;11;0;0;0;0;8;0;1;0;0;0;0;;
MUCUM;0;0;0;4;0;0;0;0;1;1;0;0;0;0;0;;
MUITOS CAPOES;0;0;0;1;0;0;0;0;0;0;0;0;0;0;0;;
MULITERNO;0;0;0;2;0;0;0;0;1;0;0;0;0;0;0;;
NAO-ME-TOQUE;0;0;0;11;0;0;0;0;18;2;3;0;0;0;0;;
NICOLAU VERGUEIRO;0;0;0;4;0;0;0;0;1;0;0;0;0;0;0;;
NONOAI;0;0;0;8;1;1;1;0;9;0;2;2;0;0;0;;
NOVA ALVORADA;0;0;0;2;0;0;2;0;5;1;0;0;0;0;0;;
NOVA ARACA;0;0;0;3;0;0;0;0;6;0;3;1;0;0;0;;
NOVA BASSANO;0;0;0;1;0;1;0;0;1;1;0;0;0;0;0;;
NOVA BOA VISTA;0;0;0;0;0;0;0;0;0;0;0;0;0;0;0;;
NOVA BRESCIA;0;0;0;0;0;0;0;0;2;0;0;0;0;0;0;;
NOVA CANDELARIA;0;0;0;0;0;0;0;0;0;0;0;0;0;0;0;;
NOVA ESPERANCA DO SUL;0;0;0;0;0;0;0;0;1;0;0;0;0;0;0;;
NOVA HARTZ;0;0;0;7;0;0;1;0;8;3;2;2;0;0;0;;
NOVA PADUA;0;0;0;1;0;0;0;0;2;0;0;0;0;0;0;;
NOVA PALMA;0;0;0;2;1;0;0;0;4;0;0;0;0;0;0;;
NOVA PETROPOLIS;0;0;0;8;0;0;0;0;13;1;2;3;0;0;0;;
NOVA PRATA;0;0;0;8;0;1;0;0;12;0;4;7;0;0;0;;
NOVA RAMADA;0;0;0;0;0;0;0;0;0;0;0;0;0;0;0;;
NOVA ROMA DO SUL;0;0;0;2;0;0;0;0;1;0;0;0;0;0;0;;
NOVA SANTA RITA;0;0;0;24;0;2;1;1;30;4;5;2;0;0;1;;
NOVO BARREIRO;0;0;0;1;0;0;0;0;0;0;0;0;0;0;0;;
NOVO CABRAIS;0;0;0;2;0;1;0;0;1;0;0;0;0;0;0;;
NOVO HAMBURGO;2;2;0;230;2;25;53;15;172;12;25;30;0;0;4;;
NOVO MACHADO;0;0;0;1;0;0;0;0;0;1;0;0;0;0;0;;
NOVO TIRADENTES;0;0;0;0;0;0;0;0;0;0;0;0;0;0;0;;
NOVO XINGU;0;0;0;0;0;0;0;0;0;0;0;0;0;0;0;;
OSORIO;0;0;0;28;1;1;3;1;33;4;5;8;0;0;0;;
PAIM FILHO;0;0;0;8;3;0;0;0;3;0;0;0;0;0;0;;
PALMARES DO SUL;0;0;0;12;2;0;0;0;7;1;1;0;0;0;0;;
PALMEIRA DAS MISSOES;0;0;0;14;0;3;0;0;5;1;6;2;0;0;0;;
PALMITINHO;0;0;0;2;1;1;0;0;2;0;1;0;0;0;0;;
PANAMBI;1;1;0;25;0;0;1;2;33;2;10;6;0;0;1;;
PANTANO GRANDE;0;0;0;8;2;0;0;0;8;0;0;1;0;0;0;;
PARAI;0;0;0;2;0;1;0;0;5;0;0;0;0;0;0;;
PARAISO DO SUL;0;0;0;2;0;0;0;0;2;0;1;1;0;0;0;;
PARECI NOVO;0;0;0;2;0;0;0;0;4;0;0;0;0;0;0;;
PAROBE;0;0;0;22;0;0;5;0;23;3;17;7;0;0;0;;
PASSA SETE;0;0;0;5;3;0;0;0;1;0;0;0;0;0;0;;
PASSO DO SOBRADO;0;0;0;6;1;0;1;0;1;1;0;0;0;0;0;;
PASSO FUNDO;8;8;0;177;0;29;54;1;133;13;26;34;0;0;8;;
PAULO BENTO;0;0;0;2;0;0;0;0;0;0;0;0;0;0;0;;
PAVERAMA;0;0;0;3;0;0;0;0;3;0;3;1;0;0;0;;
PEDRAS ALTAS;0;0;0;1;1;0;0;0;1;0;0;0;0;0;0;;
PEDRO OSORIO;1;1;0;4;2;0;0;0;4;1;0;0;0;0;1;;
PEJUCARA;0;0;0;5;1;0;0;0;1;1;0;0;0;0;0;;
PELOTAS;2;2;0;244;10;16;84;1;177;14;16;31;0;0;2;;
PICADA CAFE;0;0;0;0;0;0;0;0;5;0;0;1;0;0;0;;
PINHAL;0;0;0;1;1;1;0;0;1;0;0;0;0;0;0;;
PINHAL DA SERRA;0;0;0;3;1;0;0;0;1;0;0;0;0;0;0;;
PINHAL GRANDE;0;0;0;9;3;0;0;0;3;2;0;0;0;0;0;;
PINHEIRINHO DO VALE;0;0;0;1;0;0;0;0;0;0;0;0;0;0;0;;
PINHEIRO MACHADO;1;1;0;5;1;0;0;0;8;0;0;0;0;0;1;;
PINTO BANDEIRA;0;0;0;1;0;0;0;0;0;1;0;0;0;0;0;;
PIRAPO;0;0;0;1;0;0;0;0;1;0;0;0;0;0;0;;
PIRATINI;0;0;0;24;4;0;4;0;21;0;2;0;0;0;0;;
PLANALTO;2;2;0;10;0;1;0;0;1;2;4;2;0;0;2;;
POCO DAS ANTAS;0;0;0;0;0;0;0;0;1;0;0;0;0;0;0;;
PONTAO;0;0;0;4;0;0;0;1;3;0;1;0;0;0;0;;
PONTE PRETA;0;0;0;1;0;0;0;0;0;1;0;0;0;0;0;;
PORTAO;0;0;0;27;1;2;4;1;25;0;9;2;0;0;0;;
PORTO ALEGRE;22;25;0;2365;2;121;1276;127;1501;59;321;277;0;1;26;;
PORTO LUCENA;0;0;0;2;0;1;0;0;0;2;0;0;0;0;0;;
PORTO MAUA;0;0;0;1;0;0;0;0;1;1;0;0;0;0;0;;
PORTO VERA CRUZ;0;0;0;2;0;0;0;0;2;0;0;0;0;0;0;;
PORTO XAVIER;0;0;0;2;0;0;0;0;6;0;2;0;0;0;0;;
POUSO NOVO;0;0;0;1;0;1;0;0;1;0;0;0;0;0;0;;
PRESIDENTE LUCENA;0;0;0;4;0;1;0;0;0;0;0;0;0;0;0;;
PROGRESSO;0;0;0;0;0;0;1;0;1;0;1;0;0;0;0;;
PROTASIO ALVES;0;0;0;0;0;0;0;0;2;0;0;0;0;0;0;;
PUTINGA;0;0;0;0;0;0;0;0;1;1;1;0;0;0;0;;
QUARAI;0;0;0;12;3;2;0;0;12;2;14;5;0;0;0;;
QUATRO IRMAOS;0;0;0;0;0;1;0;0;0;0;0;0;0;0;0;;
QUEVEDOS;0;0;0;2;2;0;1;0;1;2;0;0;0;0;0;;
QUINZE DE NOVEMBRO;0;0;0;1;0;0;1;0;1;0;0;0;0;0;0;;
REDENTORA;0;0;0;4;1;0;0;0;2;4;0;0;0;0;0;;
RELVADO;0;0;0;1;0;0;0;0;1;0;0;0;0;0;0;;
RESTINGA SECA;0;0;0;15;2;0;0;0;9;1;2;1;0;0;1;;
RIO DOS INDIOS;0;0;0;2;0;0;0;0;0;0;0;0;0;0;0;;
RIO GRANDE;3;3;0;180;7;7;66;0;126;15;6;33;0;0;3;;
RIO PARDO;2;3;0;36;7;2;3;0;9;1;5;5;0;0;3;;
RIOZINHO;0;0;0;2;0;1;0;0;1;0;0;0;0;0;0;;
ROCA SALES;0;0;0;5;0;0;0;0;11;0;0;2;0;0;0;;
RODEIO BONITO;0;0;0;3;1;0;0;0;1;0;1;0;0;0;0;;
ROLADOR;0;0;0;2;1;0;0;0;0;1;0;0;0;0;0;;
ROLANTE;0;0;0;7;1;2;2;0;19;0;2;3;0;0;0;;
RONDA ALTA;0;0;0;7;0;1;0;0;4;0;2;1;0;0;0;;
RONDINHA;0;0;0;2;1;0;0;0;0;0;0;0;0;0;0;;
ROQUE GONZALES;0;0;0;5;1;0;0;0;3;0;0;0;0;0;0;;
ROSARIO DO SUL;1;1;0;27;3;1;3;0;14;4;1;12;0;0;1;;
SAGRADA FAMILIA;0;0;0;0;0;0;0;0;0;0;0;0;0;0;0;;
SALDANHA MARINHO;0;0;0;2;0;0;3;0;1;1;0;0;0;0;0;;
SALTO DO JACUI;0;0;0;11;2;1;0;0;2;2;1;2;0;0;0;;
SALVADOR DAS MISSOES;0;0;0;0;0;0;0;0;2;0;0;0;0;0;0;;
SALVADOR DO SUL;0;0;0;0;0;0;1;0;8;0;0;0;0;0;0;;
SANANDUVA;0;0;0;6;0;1;0;0;3;0;1;0;0;0;0;;
SANTA BARBARA DO SUL;0;0;0;11;1;0;0;0;10;0;2;0;0;0;0;;
SANTA CECILIA DO SUL;0;0;0;1;0;0;0;0;0;0;0;0;0;0;0;;
SANTA CLARA DO SUL;0;0;0;3;0;0;0;0;3;0;0;0;0;0;0;;
SANTA CRUZ DO SUL;2;3;0;124;0;13;2;0;93;3;7;12;0;0;3;;
SANTA MARGARIDA DO SUL;0;0;0;2;0;1;0;0;2;0;0;0;0;0;0;;
SANTA MARIA;1;1;0;302;8;16;58;2;229;16;151;49;0;0;1;;
SANTA MARIA DO HERVAL;0;0;0;5;0;0;0;0;1;0;1;0;0;0;0;;
SANTA ROSA;0;0;0;41;1;0;1;0;28;4;19;25;0;0;0;;
SANTA TEREZA;0;0;0;1;1;0;0;0;1;0;0;0;0;0;0;;
SANTA VITORIA DO PALMAR;3;3;0;64;10;2;1;0;5;2;7;8;0;0;4;;
SANTANA DA BOA VISTA;0;0;0;3;0;0;0;0;1;0;1;1;0;0;0;;
SANTANA DO LIVRAMENTO;1;1;0;95;20;6;17;1;59;4;10;7;0;0;1;;
SANTIAGO;0;0;0;17;2;0;2;0;44;0;18;13;0;0;0;;
SANTO ANGELO;0;0;0;128;3;2;6;2;52;5;16;13;0;0;0;;
SANTO ANTONIO DA PATRULHA;2;2;0;23;0;1;1;0;22;1;2;2;0;0;2;;
SANTO ANTONIO DAS MISSOES;0;0;0;3;0;0;1;0;5;1;2;1;0;0;0;;
SANTO ANTONIO DO PALMA;0;0;0;1;0;0;0;0;0;0;0;0;0;0;0;;
SANTO ANTONIO DO PLANALTO;0;0;0;3;1;0;0;0;3;0;0;0;0;0;0;;
SANTO AUGUSTO;0;0;0;11;0;1;3;0;9;0;0;4;0;0;0;;
SANTO CRISTO;0;0;0;0;0;0;0;0;3;1;0;0;0;0;0;;
SANTO EXPEDITO DO SUL;0;0;0;0;0;0;0;0;0;0;0;0;0;0;0;;
SAO BORJA;0;0;0;52;9;1;4;0;41;2;12;11;0;0;0;;
SAO DOMINGOS DO SUL;0;0;0;0;0;0;0;0;3;0;0;0;0;0;0;;
SAO FRANCISCO DE ASSIS;0;0;0;8;0;0;2;0;6;1;1;0;0;0;1;;
SAO FRANCISCO DE PAULA;0;0;0;10;0;0;0;1;16;0;5;1;0;0;0;;
SAO GABRIEL;0;0;0;68;8;2;8;0;30;5;11;23;0;0;0;;
SAO JERONIMO;0;0;0;14;0;0;0;0;8;1;6;2;0;0;0;;
SAO JOAO DA URTIGA;0;0;0;0;0;0;0;0;1;0;0;0;0;0;0;;
SAO JOAO DO POLESINE;0;0;0;2;0;0;0;0;0;0;0;0;0;0;0;;
SAO JORGE;0;0;0;1;1;1;0;0;1;0;1;0;0;0;0;;
SAO JOSE DAS MISSOES;0;0;0;1;0;0;0;0;2;0;0;0;0;0;0;;
SAO JOSE DO HERVAL;0;0;0;0;0;0;0;0;0;0;0;0;0;0;0;;
SAO JOSE DO HORTENCIO;0;0;0;1;0;1;0;0;1;0;0;0;0;0;0;;
SAO JOSE DO INHACORA;0;0;0;0;0;0;0;0;0;0;0;0;0;0;0;;
SAO JOSE DO NORTE;0;0;0;17;2;0;1;0;7;1;1;7;0;0;0;;
SAO JOSE DO OURO;0;0;0;2;1;1;0;0;2;0;0;0;0;0;0;;
SAO JOSE DO SUL;0;0;0;1;0;0;0;0;3;0;0;0;0;0;0;;
SAO JOSE DOS AUSENTES;0;0;0;5;2;0;0;0;2;0;0;0;0;0;0;;
SAO LEOPOLDO;2;2;0;232;0;27;60;12;177;10;32;38;0;0;2;;
SAO LOURENCO DO SUL;1;1;0;27;1;0;1;0;20;2;12;2;0;0;1;;
SAO LUIZ GONZAGA;1;1;0;27;2;1;1;0;20;5;8;6;0;0;1;;
SAO MARCOS;0;0;0;10;0;1;0;0;8;0;0;0;0;0;0;;
SAO MARTINHO;1;1;0;0;0;0;0;0;4;0;0;0;0;0;1;;
SAO MARTINHO DA SERRA;0;0;0;3;3;0;0;0;1;1;0;0;0;0;0;;
SAO MIGUEL DAS MISSOES;0;0;0;3;1;0;0;0;2;0;0;0;0;0;0;;
SAO NICOLAU;0;0;0;2;2;0;0;0;1;1;1;1;0;0;0;;
SAO PAULO DAS MISSOES;0;0;0;1;0;0;0;0;5;0;0;0;0;0;0;;
SAO PEDRO DA SERRA;0;0;0;0;0;1;0;0;2;0;0;0;0;0;0;;
SAO PEDRO DAS MISSOES;0;0;0;1;0;0;0;0;2;0;0;0;0;0;0;;
SAO PEDRO DO BUTIA;0;0;0;0;0;0;0;0;4;0;0;0;0;0;0;;
SAO PEDRO DO SUL;0;0;0;16;3;0;0;0;10;0;2;1;0;0;0;;
SAO SEBASTIAO DO CAI;0;0;0;20;1;2;0;0;11;2;22;3;0;0;0;;
SAO SEPE;0;0;0;12;1;0;1;0;8;0;1;1;0;0;0;;
SAO VALENTIM;0;0;0;1;0;0;0;0;1;0;0;0;0;0;0;;
SAO VALENTIM DO SUL;0;0;0;0;0;0;0;0;0;1;0;0;0;0;0;;
SAO VALERIO DO SUL;0;0;0;1;0;0;0;0;0;0;0;0;0;0;0;;
SAO VENDELINO;0;0;0;0;0;1;0;0;1;0;0;0;0;0;0;;
SAO VICENTE DO SUL;0;0;0;5;2;0;0;0;5;0;3;1;0;0;0;;
SAPIRANGA;0;0;0;55;0;3;11;3;38;4;23;10;0;0;0;;
SAPUCAIA DO SUL;1;1;0;169;1;13;42;8;66;4;33;16;0;0;1;;
SARANDI;0;0;0;23;0;0;0;0;18;0;3;2;0;0;0;;
SEBERI;0;0;0;8;1;0;1;0;7;2;1;0;0;0;0;;
SEDE NOVA;0;0;0;0;0;0;0;0;0;0;1;0;0;0;0;;
SEGREDO;0;0;0;7;0;0;0;0;3;1;0;1;0;0;0;;
SELBACH;0;0;0;0;0;0;0;0;3;0;0;0;0;0;0;;
SENADOR SALGADO FILHO;0;0;0;0;0;0;0;0;3;0;0;0;0;0;0;;
SENTINELA DO SUL;1;1;0;5;0;1;0;0;2;0;0;0;0;0;1;;
SERAFINA CORREA;0;0;0;4;0;0;1;0;8;0;3;3;0;0;0;;
SERIO;0;0;0;2;0;0;0;0;1;0;0;0;0;0;0;;
SERTAO;0;0;0;3;0;0;0;0;1;0;0;1;0;0;0;;
SERTAO SANTANA;0;0;0;1;0;0;0;0;3;0;0;0;0;0;0;;
SETE DE SETEMBRO;0;0;0;0;0;0;0;0;0;0;0;0;0;0;0;;
SEVERIANO DE ALMEIDA;0;0;0;2;0;0;0;0;2;0;0;1;0;0;0;;
SILVEIRA MARTINS;0;0;0;1;0;0;0;0;0;0;0;0;0;0;0;;
SINIMBU;0;0;0;3;0;0;0;0;5;0;0;0;0;0;0;;
SOBRADINHO;0;0;0;12;0;0;1;0;4;3;1;3;0;0;0;;
SOLEDADE;3;4;0;37;2;4;3;0;5;2;6;2;0;0;4;;
TABAI;0;0;0;2;0;0;0;0;4;0;0;0;0;0;0;;
TAPEJARA;1;1;0;28;0;2;1;0;9;1;6;0;0;0;2;;
TAPERA;0;0;0;7;0;1;0;0;3;0;5;1;0;0;0;;
TAPES;0;0;0;25;5;0;1;0;5;0;2;4;0;0;0;;
TAQUARA;0;0;0;58;1;0;5;4;32;1;42;10;0;0;0;;
TAQUARI;0;0;0;10;2;0;1;0;12;0;10;4;0;0;0;;
TAQUARUCU DO SUL;0;0;0;1;0;0;0;0;2;0;0;1;0;0;0;;
TAVARES;0;0;0;3;1;0;0;0;0;0;2;1;0;0;0;;
TENENTE PORTELA;1;1;0;14;0;4;2;0;6;2;5;1;0;0;1;;
TERRA DE AREIA;0;0;0;13;1;1;1;1;9;0;1;2;0;0;0;;
TEUTONIA;0;0;0;15;1;1;0;0;16;0;10;4;0;0;0;;
TIO HUGO;0;0;0;3;0;0;0;0;0;1;0;1;0;0;0;;
TIRADENTES DO SUL;0;0;0;0;0;1;0;0;1;2;0;1;0;0;0;;
TOROPI;0;0;0;2;2;0;0;0;1;1;0;0;0;0;0;;
TORRES;0;0;0;53;1;4;4;1;52;2;6;7;0;0;2;;
TRAMANDAI;0;0;0;60;0;4;7;1;45;2;19;15;0;0;0;;
TRAVESSEIRO;0;0;0;0;0;0;0;0;1;0;1;0;0;0;0;;
TRES ARROIOS;0;0;0;2;0;0;0;0;0;0;0;0;0;0;0;;
TRES CACHOEIRAS;0;0;0;5;0;0;0;0;4;0;0;0;0;0;0;;
TRES COROAS;0;0;0;18;1;1;0;0;6;0;1;2;0;0;0;;
TRES DE MAIO;0;0;0;6;0;0;0;0;14;1;2;1;0;0;0;;
TRES FORQUILHAS;0;0;0;0;0;0;0;0;0;0;0;0;0;0;0;;
TRES PALMEIRAS;0;0;0;1;0;0;0;0;0;0;0;0;0;0;0;;
TRES PASSOS;0;0;0;12;0;0;0;0;12;1;5;7;0;0;0;;
TRINDADE DO SUL;0;0;0;5;1;0;0;0;4;2;2;4;0;0;0;;
TRIUNFO;0;0;0;22;0;1;0;0;9;3;3;2;0;0;0;;
TUCUNDUVA;0;0;0;0;0;0;0;0;3;1;0;1;0;0;0;;
TUNAS;0;0;0;1;0;0;1;0;3;0;0;0;0;0;0;;
TUPANCI DO SUL;0;0;0;0;0;0;0;0;1;0;0;0;0;0;0;;
TUPANCIRETA;0;0;0;12;0;0;1;1;7;1;0;2;0;0;0;;
TUPANDI;0;0;0;1;0;0;0;0;2;0;2;1;0;0;0;;
TUPARENDI;0;0;0;3;1;1;1;0;3;2;0;1;0;0;0;;
TURUCU;0;0;0;0;0;0;0;0;2;0;0;0;0;0;0;;
UBIRETAMA;0;0;0;0;0;0;0;0;0;0;0;0;0;0;0;;
UNIAO DA SERRA;0;0;0;0;0;0;0;0;1;0;0;0;0;0;0;;
UNISTALDA;0;0;0;0;0;0;0;0;1;0;0;0;0;0;0;;
URUGUAIANA;4;4;0;89;1;2;19;0;50;2;24;18;0;0;6;;
VACARIA;1;1;1;68;0;2;12;0;31;8;13;4;1;0;2;;
VALE DO SOL;0;0;0;7;4;1;1;0;4;2;3;0;0;0;0;;
VALE REAL;0;0;0;1;0;0;0;0;2;0;1;0;0;0;0;;
VALE VERDE;0;0;0;3;0;0;0;0;0;0;0;0;0;0;0;;
VANINI;0;0;0;0;0;0;0;0;1;1;1;1;0;0;0;;
VENANCIO AIRES;0;0;0;63;1;1;3;0;29;2;3;1;0;0;0;;
VERA CRUZ;0;0;0;21;0;1;1;0;13;3;3;1;0;0;0;;
VERANOPOLIS;0;0;0;5;0;2;0;0;12;0;6;3;0;0;0;;
VESPASIANO CORREA;0;0;0;0;0;0;0;1;3;0;0;0;0;0;0;;
VIADUTOS;0;0;0;2;0;0;0;0;2;1;1;0;0;0;0;;
VIAMAO;1;1;0;140;5;19;100;19;141;4;14;22;0;0;1;;
VICENTE DUTRA;0;0;0;1;0;0;0;0;0;1;0;0;0;0;0;;
VICTOR GRAEFF;0;0;0;2;0;0;0;0;1;0;0;0;0;0;0;;
VILA FLORES;0;0;0;1;0;0;0;0;1;0;0;1;0;0;0;;
VILA LANGARO;0;0;0;1;0;0;0;0;0;0;0;0;0;0;0;;
VILA MARIA;0;0;0;1;0;0;0;0;4;0;1;0;0;0;0;;
VILA NOVA DO SUL;0;0;0;11;3;0;0;0;1;0;0;0;0;0;0;;
VISTA ALEGRE;0;0;0;0;0;0;0;0;0;0;0;0;0;0;0;;
VISTA ALEGRE DO PRATA;0;0;0;0;0;0;0;0;0;0;0;0;0;0;0;;
VISTA GAUCHA;0;0;0;2;0;0;0;0;0;0;0;0;0;0;0;;
VITORIA DAS MISSOES;0;0;0;1;0;0;0;0;1;0;0;0;0;0;0;;
WESTFALIA;0;0;0;0;0;0;0;0;1;0;1;0;0;0;0;;
XANGRI-LA;2;2;0;22;0;0;3;0;16;0;0;3;0;0;2;;